{
    "parent": "minecraft:item/generated",
    "textures": {
      "layer0": "minecraft:item/paper"
    },
    "overrides": [
      {
        "predicate": { "custom_model_data": 1 },
        "model": "minecraft:item/copper_paper"
      },
      {
        "predicate": { "custom_model_data": 2 },
        "model": "minecraft:item/iron_paper"
      },
      {
        "predicate": { "custom_model_data": 3 },
        "model": "minecraft:item/gold_paper"
      },
      {
        "predicate": { "custom_model_data": 4 },
        "model": "minecraft:item/coal_paper"
      },
      {
        "predicate": { "custom_model_data": 5 },
        "model": "minecraft:item/redstone_paper"
      },
      {
        "predicate": { "custom_model_data": 6 },
        "model": "minecraft:item/lapis_paper"
      },
      {
        "predicate": { "custom_model_data": 7 },
        "model": "minecraft:item/emerald_paper"
      },
      {
        "predicate": { "custom_model_data": 8 },
        "model": "minecraft:item/diamond_paper"
      },
      {
        "predicate": { "custom_model_data": 9 },
        "model": "minecraft:item/netherite_paper"
      }
    ]
  }
  